"objective_1","objective_2"
"-81.45980278015136","-1085.9234827423095"
"-85.00827323913575","-1077.7531837081908"
"-84.06813167572021","-1075.5908813476562"
"-80.90601509094239","-1072.49451089859"
"-84.61224662780762","-1074.9064836120606"
"-90.15403915405274","-1066.1087047576905"
"-81.81221370697021","-1070.8224928283691"
"-80.61605438232422","-1090.7604951477051"
"-85.1649905014038","-1075.2610747528076"
"-81.4174263381958","-1083.7486570167541"
"-80.99002506256103","-1087.3113159942627"