"objective_1","objective_2"
"-544.2647069549561","-1001.625478515625"
"-414.00799438476565","-1014.4307243347168"
"-396.60331359863284","-973.0653199768067"
"-272.8597715759277","-1044.6642893981934"
"-217.5991130065918","-1066.7536221313476"
"-201.35349655151367","-1071.519401550293"
"-200.3836228942871","-1065.6028660583497"
"-197.72925895690918","-1068.1453692626953"
"-196.26330314636232","-1065.7096514892578"
"-202.19337547302246","-1061.2983639526367"