"objective_1","objective_2"
"-81.64760921478272","-1073.7368545532227"
"-82.10616313934327","-1085.390729789734"
"-82.52296482086182","-1099.6844834136964"
"-81.014651222229","-1077.9967198753357"
"-79.89819499969482","-1110.3104312515259"
"-87.13523029327392","-1086.969444103241"
"-85.87016933441163","-1077.2164805412292"
"-81.260788230896","-1070.888333053589"
"-83.69724502563477","-1090.8313153266906"
"-82.23818229675292","-1084.6853776931762"
"-86.88614128112793","-1057.2285960006714"