"objective_1","objective_2"
"-13.629159927368164","-11.112728118896484"
"-4.720870018005371","-11.394524574279785"
"-3.793083906173706","-12.160697937011719"
"-28.091754913330078","-10.366695404052734"
"-3.8060755729675293","-12.093183517456055"
"-20.54532241821289","-10.933008193969727"
"-2.5028443336486816","-11.107778549194336"
"-3.3811399936676025","-12.173855781555176"
"-5.860745906829834","-11.30647087097168"
"-23.738481521606445","-10.671911239624023"